<?xml version="1.0" encoding="UTF-8" standalone="yes"?>
<list  version="7.2.0" minorVersion="66" exportUser="LGAWAD" exportDateTime="03/27/2014 10:40 AM" description="migStep10_StdChoice_3And5Years"><standardChoice refId="1@StandardChoiceModel"><name>DEC_APP_LICENSE_TYPE</name><serviceProviderCode>DEC</serviceProviderCode><auditModel><auditDate>2013-10-14T11:43:55-07:00</auditDate><auditID>RKOUL</auditID><auditStatus>A</auditStatus></auditModel><description>All Licenses available in application for selction</description><standardChoiceValueModels><standardChoiceValue refId="2@StandardChoiceValueModel"><sequenceNBR>104685303</sequenceNBR><serviceProviderCode>DEC</serviceProviderCode><auditModel><auditDate>2013-10-14T11:43:55-07:00</auditDate><auditID>RKOUL</auditID><auditStatus>A</auditStatus></auditModel><description>Lifetime Inscription</description><standardChoiceName>DEC_APP_LICENSE_TYPE</standardChoiceName><standardChoiceValueI18NModels/><value>LIC45_LIFETIME_INSCRIPTION</value></standardChoiceValue><standardChoiceValue refId="3@StandardChoiceValueModel"><sequenceNBR>104685304</sequenceNBR><serviceProviderCode>DEC</serviceProviderCode><auditModel><auditDate>2013-10-14T11:43:55-07:00</auditDate><auditID>RKOUL</auditID><auditStatus>A</auditStatus></auditModel><description>Reg Season Deer Tag</description><standardChoiceName>DEC_APP_LICENSE_TYPE</standardChoiceName><standardChoiceValueI18NModels/><value>LIC46_TAG_REG_SEASON_DEER</value></standardChoiceValue><standardChoiceValue refId="4@StandardChoiceValueModel"><sequenceNBR>104685305</sequenceNBR><serviceProviderCode>DEC</serviceProviderCode><auditModel><auditDate>2013-10-14T11:43:55-07:00</auditDate><auditID>RKOUL</auditID><auditStatus>A</auditStatus></auditModel><description>Bear Tag</description><standardChoiceName>DEC_APP_LICENSE_TYPE</standardChoiceName><standardChoiceValueI18NModels/><value>LIC47_TAG_BEAR</value></standardChoiceValue><standardChoiceValue refId="5@StandardChoiceValueModel"><sequenceNBR>104685306</sequenceNBR><serviceProviderCode>DEC</serviceProviderCode><auditModel><auditDate>2013-10-14T11:43:55-07:00</auditDate><auditID>RKOUL</auditID><auditStatus>A</auditStatus></auditModel><description>BOW/MUZZ Either Sex</description><standardChoiceName>DEC_APP_LICENSE_TYPE</standardChoiceName><standardChoiceValueI18NModels/><value>LIC48_TAG_BOW_MUZZ_EITHER_SEX</value></standardChoiceValue><standardChoiceValue refId="6@StandardChoiceValueModel"><sequenceNBR>104685307</sequenceNBR><serviceProviderCode>DEC</serviceProviderCode><auditModel><auditDate>2013-10-14T11:43:55-07:00</auditDate><auditID>RKOUL</auditID><auditStatus>A</auditStatus></auditModel><description>BOW/MUZZ Antlerless</description><standardChoiceName>DEC_APP_LICENSE_TYPE</standardChoiceName><standardChoiceValueI18NModels/><value>LIC49_TAG_BOW_MUZZ_ANTLERLESS</value></standardChoiceValue><standardChoiceValue refId="7@StandardChoiceValueModel"><sequenceNBR>104685308</sequenceNBR><serviceProviderCode>DEC</serviceProviderCode><auditModel><auditDate>2013-10-14T11:43:55-07:00</auditDate><auditID>RKOUL</auditID><auditStatus>A</auditStatus></auditModel><description>Spring Turkey Tag</description><standardChoiceName>DEC_APP_LICENSE_TYPE</standardChoiceName><standardChoiceValueI18NModels/><value>LIC50_TAG_SPRING_TURKEY_TAG</value></standardChoiceValue><standardChoiceValue refId="8@StandardChoiceValueModel"><sequenceNBR>104685309</sequenceNBR><serviceProviderCode>DEC</serviceProviderCode><auditModel><auditDate>2013-10-14T11:43:55-07:00</auditDate><auditID>RKOUL</auditID><auditStatus>A</auditStatus></auditModel><description>Fall Turkey Tag</description><standardChoiceName>DEC_APP_LICENSE_TYPE</standardChoiceName><standardChoiceValueI18NModels/><value>LIC51_TAG_FALL_TURKEY_TAG</value></standardChoiceValue><standardChoiceValue refId="9@StandardChoiceValueModel"><sequenceNBR>104685310</sequenceNBR><serviceProviderCode>DEC</serviceProviderCode><auditModel><auditDate>2013-10-14T11:43:55-07:00</auditDate><auditID>RKOUL</auditID><auditStatus>A</auditStatus></auditModel><description>Back Tag</description><standardChoiceName>DEC_APP_LICENSE_TYPE</standardChoiceName><standardChoiceValueI18NModels/><value>LIC52_TAG_BACK</value></standardChoiceValue><standardChoiceValue refId="10@StandardChoiceValueModel"><sequenceNBR>104685045</sequenceNBR><serviceProviderCode>DEC</serviceProviderCode><auditModel><auditDate>2013-10-14T11:43:55-07:00</auditDate><auditID>RKOUL</auditID><auditStatus>A</auditStatus></auditModel><description>One Day Fishing License</description><standardChoiceName>DEC_APP_LICENSE_TYPE</standardChoiceName><standardChoiceValueI18NModels/><value>LIC03_ONE_DAY_FISHING_LICENSE</value></standardChoiceValue><standardChoiceValue refId="11@StandardChoiceValueModel"><sequenceNBR>104685043</sequenceNBR><serviceProviderCode>DEC</serviceProviderCode><auditModel><auditDate>2013-10-14T11:43:55-07:00</auditDate><auditID>RKOUL</auditID><auditStatus>A</auditStatus></auditModel><description>Junior Hunting Tags</description><standardChoiceName>DEC_APP_LICENSE_TYPE</standardChoiceName><standardChoiceValueI18NModels/><value>LIC01_JUNIOR_HUNTING_TAGS</value></standardChoiceValue><standardChoiceValue refId="12@StandardChoiceValueModel"><sequenceNBR>104685044</sequenceNBR><serviceProviderCode>DEC</serviceProviderCode><auditModel><auditDate>2013-10-14T11:43:55-07:00</auditDate><auditID>RKOUL</auditID><auditStatus>A</auditStatus></auditModel><description>Marine Registry</description><standardChoiceName>DEC_APP_LICENSE_TYPE</standardChoiceName><standardChoiceValueI18NModels/><value>LIC02_MARINE_REGISTRY</value></standardChoiceValue><standardChoiceValue refId="13@StandardChoiceValueModel"><sequenceNBR>104685046</sequenceNBR><serviceProviderCode>DEC</serviceProviderCode><auditModel><auditDate>2013-10-14T11:43:55-07:00</auditDate><auditID>RKOUL</auditID><auditStatus>A</auditStatus></auditModel><description>Bowhunting Privilege</description><standardChoiceName>DEC_APP_LICENSE_TYPE</standardChoiceName><standardChoiceValueI18NModels/><value>LIC04_BOWHUNTING_PRIVILEGE</value></standardChoiceValue><standardChoiceValue refId="14@StandardChoiceValueModel"><sequenceNBR>104685047</sequenceNBR><serviceProviderCode>DEC</serviceProviderCode><auditModel><auditDate>2013-10-14T11:43:55-07:00</auditDate><auditID>RKOUL</auditID><auditStatus>A</auditStatus></auditModel><description>Deer Management Permit</description><standardChoiceName>DEC_APP_LICENSE_TYPE</standardChoiceName><standardChoiceValueI18NModels/><value>LIC05_DEER_MANAGEMENT_PERMIT</value></standardChoiceValue><standardChoiceValue refId="15@StandardChoiceValueModel"><sequenceNBR>104685048</sequenceNBR><serviceProviderCode>DEC</serviceProviderCode><auditModel><auditDate>2013-10-14T11:43:55-07:00</auditDate><auditID>RKOUL</auditID><auditStatus>A</auditStatus></auditModel><description>Hunting License</description><standardChoiceName>DEC_APP_LICENSE_TYPE</standardChoiceName><standardChoiceValueI18NModels/><value>LIC06_HUNTING_LICENSE</value></standardChoiceValue><standardChoiceValue refId="16@StandardChoiceValueModel"><sequenceNBR>104697005</sequenceNBR><serviceProviderCode>DEC</serviceProviderCode><auditModel><auditDate>2014-02-14T13:13:54-08:00</auditDate><auditID>LGAWAD</auditID><auditStatus>A</auditStatus></auditModel><description>LIC69_TURKEY_PERMIT_5Y</description><standardChoiceName>DEC_APP_LICENSE_TYPE</standardChoiceName><standardChoiceValueI18NModels/><value>LIC69_TURKEY_PERMIT_5Y</value></standardChoiceValue><standardChoiceValue refId="17@StandardChoiceValueModel"><sequenceNBR>104696995</sequenceNBR><serviceProviderCode>DEC</serviceProviderCode><auditModel><auditDate>2014-02-13T11:05:38-08:00</auditDate><auditID>LGAWAD</auditID><auditStatus>A</auditStatus></auditModel><description>LIC59_HUNTING_LICENSE_5Y</description><standardChoiceName>DEC_APP_LICENSE_TYPE</standardChoiceName><standardChoiceValueI18NModels/><value>LIC59_HUNTING_LICENSE_5Y</value></standardChoiceValue><standardChoiceValue refId="18@StandardChoiceValueModel"><sequenceNBR>104697004</sequenceNBR><serviceProviderCode>DEC</serviceProviderCode><auditModel><auditDate>2014-02-14T13:13:16-08:00</auditDate><auditID>LGAWAD</auditID><auditStatus>A</auditStatus></auditModel><description>LIC68_TURKEY_PERMIT_3Y</description><standardChoiceName>DEC_APP_LICENSE_TYPE</standardChoiceName><standardChoiceValueI18NModels/><value>LIC68_TURKEY_PERMIT_3Y</value></standardChoiceValue><standardChoiceValue refId="19@StandardChoiceValueModel"><sequenceNBR>104685049</sequenceNBR><serviceProviderCode>DEC</serviceProviderCode><auditModel><auditDate>2013-10-14T11:43:55-07:00</auditDate><auditID>RKOUL</auditID><auditStatus>A</auditStatus></auditModel><description>Muzzleloading Privilege</description><standardChoiceName>DEC_APP_LICENSE_TYPE</standardChoiceName><standardChoiceValueI18NModels/><value>LIC07_MUZZLELOADING_PRIVILEGE</value></standardChoiceValue><standardChoiceValue refId="20@StandardChoiceValueModel"><sequenceNBR>104685050</sequenceNBR><serviceProviderCode>DEC</serviceProviderCode><auditModel><auditDate>2013-10-14T11:43:55-07:00</auditDate><auditID>RKOUL</auditID><auditStatus>A</auditStatus></auditModel><description>Turkey Permit</description><standardChoiceName>DEC_APP_LICENSE_TYPE</standardChoiceName><standardChoiceValueI18NModels/><value>LIC08_TURKEY_PERMIT</value></standardChoiceValue><standardChoiceValue refId="21@StandardChoiceValueModel"><sequenceNBR>104685051</sequenceNBR><serviceProviderCode>DEC</serviceProviderCode><auditModel><auditDate>2013-10-14T11:43:55-07:00</auditDate><auditID>RKOUL</auditID><auditStatus>A</auditStatus></auditModel><description>Lifetime Bowhunting</description><standardChoiceName>DEC_APP_LICENSE_TYPE</standardChoiceName><standardChoiceValueI18NModels/><value>LIC09_LIFETIME_BOWHUNTING</value></standardChoiceValue><standardChoiceValue refId="22@StandardChoiceValueModel"><sequenceNBR>104685052</sequenceNBR><serviceProviderCode>DEC</serviceProviderCode><auditModel><auditDate>2013-10-14T11:43:55-07:00</auditDate><auditID>RKOUL</auditID><auditStatus>A</auditStatus></auditModel><description>Lifetime Fishing</description><standardChoiceName>DEC_APP_LICENSE_TYPE</standardChoiceName><standardChoiceValueI18NModels/><value>LIC10_LIFETIME_FISHING</value></standardChoiceValue><standardChoiceValue refId="23@StandardChoiceValueModel"><sequenceNBR>104685053</sequenceNBR><serviceProviderCode>DEC</serviceProviderCode><auditModel><auditDate>2013-10-14T11:43:55-07:00</auditDate><auditID>RKOUL</auditID><auditStatus>A</auditStatus></auditModel><description>Lifetime Muzzleloading</description><standardChoiceName>DEC_APP_LICENSE_TYPE</standardChoiceName><standardChoiceValueI18NModels/><value>LIC11_LIFETIME_MUZZLELOADING</value></standardChoiceValue><standardChoiceValue refId="24@StandardChoiceValueModel"><sequenceNBR>104685054</sequenceNBR><serviceProviderCode>DEC</serviceProviderCode><auditModel><auditDate>2013-10-14T11:43:55-07:00</auditDate><auditID>RKOUL</auditID><auditStatus>A</auditStatus></auditModel><description>Lifetime Small &amp; Big Game</description><standardChoiceName>DEC_APP_LICENSE_TYPE</standardChoiceName><standardChoiceValueI18NModels/><value>LIC12_LIFETIME_SMALL_AND_BIG_GAME</value></standardChoiceValue><standardChoiceValue refId="25@StandardChoiceValueModel"><sequenceNBR>104685055</sequenceNBR><serviceProviderCode>DEC</serviceProviderCode><auditModel><auditDate>2013-10-14T11:43:55-07:00</auditDate><auditID>RKOUL</auditID><auditStatus>A</auditStatus></auditModel><description>Lifetime Sportsman</description><standardChoiceName>DEC_APP_LICENSE_TYPE</standardChoiceName><standardChoiceValueI18NModels/><value>LIC13_LIFETIME_SPORTSMAN</value></standardChoiceValue><standardChoiceValue refId="26@StandardChoiceValueModel"><sequenceNBR>104685056</sequenceNBR><serviceProviderCode>DEC</serviceProviderCode><auditModel><auditDate>2013-10-14T11:43:55-07:00</auditDate><auditID>RKOUL</auditID><auditStatus>A</auditStatus></auditModel><description>Lifetime Trapping</description><standardChoiceName>DEC_APP_LICENSE_TYPE</standardChoiceName><standardChoiceValueI18NModels/><value>LIC14_LIFETIME_TRAPPING</value></standardChoiceValue><standardChoiceValue refId="27@StandardChoiceValueModel"><sequenceNBR>104685057</sequenceNBR><serviceProviderCode>DEC</serviceProviderCode><auditModel><auditDate>2013-10-14T11:43:55-07:00</auditDate><auditID>RKOUL</auditID><auditStatus>A</auditStatus></auditModel><description>Trapping License</description><standardChoiceName>DEC_APP_LICENSE_TYPE</standardChoiceName><standardChoiceValueI18NModels/><value>LIC15_TRAPPING_LICENSE</value></standardChoiceValue><standardChoiceValue refId="28@StandardChoiceValueModel"><sequenceNBR>104685058</sequenceNBR><serviceProviderCode>DEC</serviceProviderCode><auditModel><auditDate>2013-10-14T11:43:55-07:00</auditDate><auditID>RKOUL</auditID><auditStatus>A</auditStatus></auditModel><description>Habitat/Access Stamp</description><standardChoiceName>DEC_APP_LICENSE_TYPE</standardChoiceName><standardChoiceValueI18NModels/><value>LIC16_HABITAT_ACCESS_STAMP</value></standardChoiceValue><standardChoiceValue refId="29@StandardChoiceValueModel"><sequenceNBR>104685059</sequenceNBR><serviceProviderCode>DEC</serviceProviderCode><auditModel><auditDate>2013-10-14T11:43:55-07:00</auditDate><auditID>RKOUL</auditID><auditStatus>A</auditStatus></auditModel><description>Venison Donation</description><standardChoiceName>DEC_APP_LICENSE_TYPE</standardChoiceName><standardChoiceValueI18NModels/><value>LIC17_VENISON_DONATION</value></standardChoiceValue><standardChoiceValue refId="30@StandardChoiceValueModel"><sequenceNBR>104685060</sequenceNBR><serviceProviderCode>DEC</serviceProviderCode><auditModel><auditDate>2013-10-14T11:43:55-07:00</auditDate><auditID>RKOUL</auditID><auditStatus>A</auditStatus></auditModel><description>Conservation Fund</description><standardChoiceName>DEC_APP_LICENSE_TYPE</standardChoiceName><standardChoiceValueI18NModels/><value>LIC18_CONSERVATION_FUND</value></standardChoiceValue><standardChoiceValue refId="31@StandardChoiceValueModel"><sequenceNBR>104685061</sequenceNBR><serviceProviderCode>DEC</serviceProviderCode><auditModel><auditDate>2013-10-14T11:43:55-07:00</auditDate><auditID>RKOUL</auditID><auditStatus>A</auditStatus></auditModel><description>Trail Supporter Patch</description><standardChoiceName>DEC_APP_LICENSE_TYPE</standardChoiceName><standardChoiceValueI18NModels/><value>LIC19_TRAIL_SUPPORTER_PATCH</value></standardChoiceValue><standardChoiceValue refId="32@StandardChoiceValueModel"><sequenceNBR>104685062</sequenceNBR><serviceProviderCode>DEC</serviceProviderCode><auditModel><auditDate>2013-10-14T11:43:55-07:00</auditDate><auditID>RKOUL</auditID><auditStatus>A</auditStatus></auditModel><description>Conservationist Magazine</description><standardChoiceName>DEC_APP_LICENSE_TYPE</standardChoiceName><standardChoiceValueI18NModels/><value>LIC20_CONSERVATIONIST_MAGAZINE</value></standardChoiceValue><standardChoiceValue refId="33@StandardChoiceValueModel"><sequenceNBR>104685063</sequenceNBR><serviceProviderCode>DEC</serviceProviderCode><auditModel><auditDate>2013-10-14T11:43:55-07:00</auditDate><auditID>RKOUL</auditID><auditStatus>A</auditStatus></auditModel><description>Conservation Patron</description><standardChoiceName>DEC_APP_LICENSE_TYPE</standardChoiceName><standardChoiceValueI18NModels/><value>LIC21_CONSERVATION_PATRON</value></standardChoiceValue><standardChoiceValue refId="34@StandardChoiceValueModel"><sequenceNBR>104685111</sequenceNBR><serviceProviderCode>DEC</serviceProviderCode><auditModel><auditDate>2013-10-14T11:43:55-07:00</auditDate><auditID>RKOUL</auditID><auditStatus>A</auditStatus></auditModel><description>Freshwater Fishing</description><standardChoiceName>DEC_APP_LICENSE_TYPE</standardChoiceName><standardChoiceValueI18NModels/><value>LIC22_FRESHWATER_FISHING</value></standardChoiceValue><standardChoiceValue refId="35@StandardChoiceValueModel"><sequenceNBR>104685112</sequenceNBR><serviceProviderCode>DEC</serviceProviderCode><auditModel><auditDate>2013-10-14T11:43:55-07:00</auditDate><auditID>RKOUL</auditID><auditStatus>A</auditStatus></auditModel><description>NonRes Freshwater Fishing</description><standardChoiceName>DEC_APP_LICENSE_TYPE</standardChoiceName><standardChoiceValueI18NModels/><value>LIC23_NONRES_FRESHWATER_FISHING</value></standardChoiceValue><standardChoiceValue refId="36@StandardChoiceValueModel"><sequenceNBR>104685113</sequenceNBR><serviceProviderCode>DEC</serviceProviderCode><auditModel><auditDate>2013-10-14T11:43:55-07:00</auditDate><auditID>RKOUL</auditID><auditStatus>A</auditStatus></auditModel><description>Nonresident 1 Day Fishing</description><standardChoiceName>DEC_APP_LICENSE_TYPE</standardChoiceName><standardChoiceValueI18NModels/><value>LIC24_NONRESIDENT_1_DAY_FISHING</value></standardChoiceValue><standardChoiceValue refId="37@StandardChoiceValueModel"><sequenceNBR>104685114</sequenceNBR><serviceProviderCode>DEC</serviceProviderCode><auditModel><auditDate>2013-10-14T11:43:55-07:00</auditDate><auditID>RKOUL</auditID><auditStatus>A</auditStatus></auditModel><description>Nonresident 7 Day Fishing</description><standardChoiceName>DEC_APP_LICENSE_TYPE</standardChoiceName><standardChoiceValueI18NModels/><value>LIC25_NONRESIDENT_7_DAY_FISHING</value></standardChoiceValue><standardChoiceValue refId="38@StandardChoiceValueModel"><sequenceNBR>104685115</sequenceNBR><serviceProviderCode>DEC</serviceProviderCode><auditModel><auditDate>2013-10-14T11:43:55-07:00</auditDate><auditID>RKOUL</auditID><auditStatus>A</auditStatus></auditModel><description>Seven Day Fishing License</description><standardChoiceName>DEC_APP_LICENSE_TYPE</standardChoiceName><standardChoiceValueI18NModels/><value>LIC26_SEVEN_DAY_FISHING_LICENSE</value></standardChoiceValue><standardChoiceValue refId="39@StandardChoiceValueModel"><sequenceNBR>104685116</sequenceNBR><serviceProviderCode>DEC</serviceProviderCode><auditModel><auditDate>2013-10-14T11:43:55-07:00</auditDate><auditID>RKOUL</auditID><auditStatus>A</auditStatus></auditModel><description>Conservation Legacy</description><standardChoiceName>DEC_APP_LICENSE_TYPE</standardChoiceName><standardChoiceValueI18NModels/><value>LIC27_CONSERVATION_LEGACY</value></standardChoiceValue><standardChoiceValue refId="40@StandardChoiceValueModel"><sequenceNBR>104685117</sequenceNBR><serviceProviderCode>DEC</serviceProviderCode><auditModel><auditDate>2013-10-14T11:43:55-07:00</auditDate><auditID>RKOUL</auditID><auditStatus>A</auditStatus></auditModel><description>Junior Bowhunting</description><standardChoiceName>DEC_APP_LICENSE_TYPE</standardChoiceName><standardChoiceValueI18NModels/><value>LIC28_JUNIOR_BOWHUNTING</value></standardChoiceValue><standardChoiceValue refId="41@StandardChoiceValueModel"><sequenceNBR>104685118</sequenceNBR><serviceProviderCode>DEC</serviceProviderCode><auditModel><auditDate>2013-10-14T11:43:55-07:00</auditDate><auditID>RKOUL</auditID><auditStatus>A</auditStatus></auditModel><description>Junior Hunting</description><standardChoiceName>DEC_APP_LICENSE_TYPE</standardChoiceName><standardChoiceValueI18NModels/><value>LIC29_JUNIOR_HUNTING</value></standardChoiceValue><standardChoiceValue refId="42@StandardChoiceValueModel"><sequenceNBR>104685119</sequenceNBR><serviceProviderCode>DEC</serviceProviderCode><auditModel><auditDate>2013-10-14T11:43:55-07:00</auditDate><auditID>RKOUL</auditID><auditStatus>A</auditStatus></auditModel><description>NonRes Muzzleloading</description><standardChoiceName>DEC_APP_LICENSE_TYPE</standardChoiceName><standardChoiceValueI18NModels/><value>LIC30_NONRES_MUZZLELOADING</value></standardChoiceValue><standardChoiceValue refId="43@StandardChoiceValueModel"><sequenceNBR>104685120</sequenceNBR><serviceProviderCode>DEC</serviceProviderCode><auditModel><auditDate>2013-10-14T11:43:55-07:00</auditDate><auditID>RKOUL</auditID><auditStatus>A</auditStatus></auditModel><description>NonRes Super Sportsman</description><standardChoiceName>DEC_APP_LICENSE_TYPE</standardChoiceName><standardChoiceValueI18NModels/><value>LIC31_NONRES_SUPER_SPORTSMAN</value></standardChoiceValue><standardChoiceValue refId="44@StandardChoiceValueModel"><sequenceNBR>104685121</sequenceNBR><serviceProviderCode>DEC</serviceProviderCode><auditModel><auditDate>2013-10-14T11:43:55-07:00</auditDate><auditID>RKOUL</auditID><auditStatus>A</auditStatus></auditModel><description>Nonresident Bear Tag</description><standardChoiceName>DEC_APP_LICENSE_TYPE</standardChoiceName><standardChoiceValueI18NModels/><value>LIC32_NONRESIDENT_BEAR_TAG</value></standardChoiceValue><standardChoiceValue refId="45@StandardChoiceValueModel"><sequenceNBR>104685122</sequenceNBR><serviceProviderCode>DEC</serviceProviderCode><auditModel><auditDate>2013-10-14T11:43:55-07:00</auditDate><auditID>RKOUL</auditID><auditStatus>A</auditStatus></auditModel><description>Nonresident Big Game</description><standardChoiceName>DEC_APP_LICENSE_TYPE</standardChoiceName><standardChoiceValueI18NModels/><value>LIC33_NONRESIDENT_BIG_GAME</value></standardChoiceValue><standardChoiceValue refId="46@StandardChoiceValueModel"><sequenceNBR>104685123</sequenceNBR><serviceProviderCode>DEC</serviceProviderCode><auditModel><auditDate>2013-10-14T11:43:55-07:00</auditDate><auditID>RKOUL</auditID><auditStatus>A</auditStatus></auditModel><description>Nonresident Bowhunting</description><standardChoiceName>DEC_APP_LICENSE_TYPE</standardChoiceName><standardChoiceValueI18NModels/><value>LIC34_NONRESIDENT_BOWHUNTING</value></standardChoiceValue><standardChoiceValue refId="47@StandardChoiceValueModel"><sequenceNBR>104685124</sequenceNBR><serviceProviderCode>DEC</serviceProviderCode><auditModel><auditDate>2013-10-14T11:43:55-07:00</auditDate><auditID>RKOUL</auditID><auditStatus>A</auditStatus></auditModel><description>Nonresident Small Game</description><standardChoiceName>DEC_APP_LICENSE_TYPE</standardChoiceName><standardChoiceValueI18NModels/><value>LIC35_NONRESIDENT_SMALL_GAME</value></standardChoiceValue><standardChoiceValue refId="48@StandardChoiceValueModel"><sequenceNBR>104685125</sequenceNBR><serviceProviderCode>DEC</serviceProviderCode><auditModel><auditDate>2013-10-14T11:43:55-07:00</auditDate><auditID>RKOUL</auditID><auditStatus>A</auditStatus></auditModel><description>Nonresident Turkey</description><standardChoiceName>DEC_APP_LICENSE_TYPE</standardChoiceName><standardChoiceValueI18NModels/><value>LIC36_NONRESIDENT_TURKEY</value></standardChoiceValue><standardChoiceValue refId="49@StandardChoiceValueModel"><sequenceNBR>104685126</sequenceNBR><serviceProviderCode>DEC</serviceProviderCode><auditModel><auditDate>2013-10-14T11:43:55-07:00</auditDate><auditID>RKOUL</auditID><auditStatus>A</auditStatus></auditModel><description>Small and Big Game</description><standardChoiceName>DEC_APP_LICENSE_TYPE</standardChoiceName><standardChoiceValueI18NModels/><value>LIC37_SMALL_AND_BIG_GAME</value></standardChoiceValue><standardChoiceValue refId="50@StandardChoiceValueModel"><sequenceNBR>104685127</sequenceNBR><serviceProviderCode>DEC</serviceProviderCode><auditModel><auditDate>2013-10-14T11:43:55-07:00</auditDate><auditID>RKOUL</auditID><auditStatus>A</auditStatus></auditModel><description>Small Game</description><standardChoiceName>DEC_APP_LICENSE_TYPE</standardChoiceName><standardChoiceValueI18NModels/><value>LIC38_SMALL_GAME</value></standardChoiceValue><standardChoiceValue refId="51@StandardChoiceValueModel"><sequenceNBR>104685128</sequenceNBR><serviceProviderCode>DEC</serviceProviderCode><auditModel><auditDate>2013-10-14T11:43:55-07:00</auditDate><auditID>RKOUL</auditID><auditStatus>A</auditStatus></auditModel><description>Sportsman</description><standardChoiceName>DEC_APP_LICENSE_TYPE</standardChoiceName><standardChoiceValueI18NModels/><value>LIC39_SPORTSMAN</value></standardChoiceValue><standardChoiceValue refId="52@StandardChoiceValueModel"><sequenceNBR>104685129</sequenceNBR><serviceProviderCode>DEC</serviceProviderCode><auditModel><auditDate>2013-10-14T11:43:55-07:00</auditDate><auditID>RKOUL</auditID><auditStatus>A</auditStatus></auditModel><description>Super Sportsman</description><standardChoiceName>DEC_APP_LICENSE_TYPE</standardChoiceName><standardChoiceValueI18NModels/><value>LIC40_SUPER_SPORTSMAN</value></standardChoiceValue><standardChoiceValue refId="53@StandardChoiceValueModel"><sequenceNBR>104685130</sequenceNBR><serviceProviderCode>DEC</serviceProviderCode><auditModel><auditDate>2013-10-14T11:43:55-07:00</auditDate><auditID>RKOUL</auditID><auditStatus>A</auditStatus></auditModel><description>Nonresident Trapping</description><standardChoiceName>DEC_APP_LICENSE_TYPE</standardChoiceName><standardChoiceValueI18NModels/><value>LIC41_NONRESIDENT_TRAPPING</value></standardChoiceValue><standardChoiceValue refId="54@StandardChoiceValueModel"><sequenceNBR>104685131</sequenceNBR><serviceProviderCode>DEC</serviceProviderCode><auditModel><auditDate>2013-10-14T11:43:55-07:00</auditDate><auditID>RKOUL</auditID><auditStatus>A</auditStatus></auditModel><description>Trapper Super Sportsman</description><standardChoiceName>DEC_APP_LICENSE_TYPE</standardChoiceName><standardChoiceValueI18NModels/><value>LIC42_TRAPPER_SUPER_SPORTSMAN</value></standardChoiceValue><standardChoiceValue refId="55@StandardChoiceValueModel"><sequenceNBR>104685132</sequenceNBR><serviceProviderCode>DEC</serviceProviderCode><auditModel><auditDate>2013-10-14T11:43:55-07:00</auditDate><auditID>RKOUL</auditID><auditStatus>A</auditStatus></auditModel><description>Lifetime Card Replace</description><standardChoiceName>DEC_APP_LICENSE_TYPE</standardChoiceName><standardChoiceValueI18NModels/><value>LIC43_LIFETIME_CARD_REPLACE</value></standardChoiceValue><standardChoiceValue refId="56@StandardChoiceValueModel"><sequenceNBR>104685133</sequenceNBR><serviceProviderCode>DEC</serviceProviderCode><auditModel><auditDate>2013-10-14T11:43:55-07:00</auditDate><auditID>RKOUL</auditID><auditStatus>A</auditStatus></auditModel><description>Sportsman Ed Certification</description><standardChoiceName>DEC_APP_LICENSE_TYPE</standardChoiceName><standardChoiceValueI18NModels/><value>LIC44_SPORTSMAN_ED_CERTIFICATION</value></standardChoiceValue><standardChoiceValue refId="57@StandardChoiceValueModel"><sequenceNBR>104696896</sequenceNBR><serviceProviderCode>DEC</serviceProviderCode><auditModel><auditDate>2013-12-01T18:15:19-08:00</auditDate><auditID>ADMIN</auditID><auditStatus>A</auditStatus></auditModel><description>Add Lifetime to Driver License Re-Issue Immediately</description><standardChoiceName>DEC_APP_LICENSE_TYPE</standardChoiceName><standardChoiceValueI18NModels/><value>LIC56_TAG_DRIV_LIC_IMM</value></standardChoiceValue><standardChoiceValue refId="58@StandardChoiceValueModel"><sequenceNBR>104696897</sequenceNBR><serviceProviderCode>DEC</serviceProviderCode><auditModel><auditDate>2013-12-01T18:15:34-08:00</auditDate><auditID>ADMIN</auditID><auditStatus>A</auditStatus></auditModel><description>Add Lifetime to Driver License on Renewal</description><standardChoiceName>DEC_APP_LICENSE_TYPE</standardChoiceName><standardChoiceValueI18NModels/><value>LIC57_TAG_DRIV_LIC_REN</value></standardChoiceValue><standardChoiceValue refId="59@StandardChoiceValueModel"><sequenceNBR>104696996</sequenceNBR><serviceProviderCode>DEC</serviceProviderCode><auditModel><auditDate>2014-02-13T11:51:48-08:00</auditDate><auditID>LGAWAD</auditID><auditStatus>A</auditStatus></auditModel><description>LIC60_BOWHUNTING_PRIVILEGE_3Y</description><standardChoiceName>DEC_APP_LICENSE_TYPE</standardChoiceName><standardChoiceValueI18NModels/><value>LIC60_BOWHUNTING_PRIVILEGE_3Y</value></standardChoiceValue><standardChoiceValue refId="60@StandardChoiceValueModel"><sequenceNBR>104696997</sequenceNBR><serviceProviderCode>DEC</serviceProviderCode><auditModel><auditDate>2014-02-13T11:52:21-08:00</auditDate><auditID>LGAWAD</auditID><auditStatus>A</auditStatus></auditModel><description>LIC61_BOWHUNTING_PRIVILEGE_5Y</description><standardChoiceName>DEC_APP_LICENSE_TYPE</standardChoiceName><standardChoiceValueI18NModels/><value>LIC61_BOWHUNTING_PRIVILEGE_5Y</value></standardChoiceValue><standardChoiceValue refId="61@StandardChoiceValueModel"><sequenceNBR>104696998</sequenceNBR><serviceProviderCode>DEC</serviceProviderCode><auditModel><auditDate>2014-02-13T11:52:58-08:00</auditDate><auditID>LGAWAD</auditID><auditStatus>A</auditStatus></auditModel><description>LIC62_MUZZLELOADING_PRIVILEGE_3Y</description><standardChoiceName>DEC_APP_LICENSE_TYPE</standardChoiceName><standardChoiceValueI18NModels/><value>LIC62_MUZZLELOADING_PRIVILEGE_3Y</value></standardChoiceValue><standardChoiceValue refId="62@StandardChoiceValueModel"><sequenceNBR>104696999</sequenceNBR><serviceProviderCode>DEC</serviceProviderCode><auditModel><auditDate>2014-02-13T11:53:50-08:00</auditDate><auditID>LGAWAD</auditID><auditStatus>A</auditStatus></auditModel><description>LIC63_MUZZLELOADING_PRIVILEGE_5Y</description><standardChoiceName>DEC_APP_LICENSE_TYPE</standardChoiceName><standardChoiceValueI18NModels/><value>LIC63_MUZZLELOADING_PRIVILEGE_5Y</value></standardChoiceValue><standardChoiceValue refId="63@StandardChoiceValueModel"><sequenceNBR>104697000</sequenceNBR><serviceProviderCode>DEC</serviceProviderCode><auditModel><auditDate>2014-02-13T11:54:25-08:00</auditDate><auditID>LGAWAD</auditID><auditStatus>A</auditStatus></auditModel><description>LIC64_TRAPPING_LICENSE_3Y</description><standardChoiceName>DEC_APP_LICENSE_TYPE</standardChoiceName><standardChoiceValueI18NModels/><value>LIC64_TRAPPING_LICENSE_3Y</value></standardChoiceValue><standardChoiceValue refId="64@StandardChoiceValueModel"><sequenceNBR>104697001</sequenceNBR><serviceProviderCode>DEC</serviceProviderCode><auditModel><auditDate>2014-02-13T11:55:50-08:00</auditDate><auditID>LGAWAD</auditID><auditStatus>A</auditStatus></auditModel><description>LIC65_TRAPPING_LICENSE_5Y</description><standardChoiceName>DEC_APP_LICENSE_TYPE</standardChoiceName><standardChoiceValueI18NModels/><value>LIC65_TRAPPING_LICENSE_5Y</value></standardChoiceValue><standardChoiceValue refId="65@StandardChoiceValueModel"><sequenceNBR>104697002</sequenceNBR><serviceProviderCode>DEC</serviceProviderCode><auditModel><auditDate>2014-02-13T11:56:25-08:00</auditDate><auditID>LGAWAD</auditID><auditStatus>A</auditStatus></auditModel><description>LIC66_FRESHWATER_FISHING_3Y</description><standardChoiceName>DEC_APP_LICENSE_TYPE</standardChoiceName><standardChoiceValueI18NModels/><value>LIC66_FRESHWATER_FISHING_3Y</value></standardChoiceValue><standardChoiceValue refId="66@StandardChoiceValueModel"><sequenceNBR>104697003</sequenceNBR><serviceProviderCode>DEC</serviceProviderCode><auditModel><auditDate>2014-02-13T11:56:59-08:00</auditDate><auditID>LGAWAD</auditID><auditStatus>A</auditStatus></auditModel><description>LIC67_FRESHWATER_FISHING_5Y</description><standardChoiceName>DEC_APP_LICENSE_TYPE</standardChoiceName><standardChoiceValueI18NModels/><value>LIC67_FRESHWATER_FISHING_5Y</value></standardChoiceValue><standardChoiceValue refId="67@StandardChoiceValueModel"><sequenceNBR>104696994</sequenceNBR><serviceProviderCode>DEC</serviceProviderCode><auditModel><auditDate>2014-02-13T11:05:00-08:00</auditDate><auditID>LGAWAD</auditID><auditStatus>A</auditStatus></auditModel><description>LIC58_HUNTING_LICENSE_3Y</description><standardChoiceName>DEC_APP_LICENSE_TYPE</standardChoiceName><standardChoiceValueI18NModels/><value>LIC58_HUNTING_LICENSE_3Y</value></standardChoiceValue><standardChoiceValue refId="68@StandardChoiceValueModel"><sequenceNBR>104691736</sequenceNBR><serviceProviderCode>DEC</serviceProviderCode><auditModel><auditDate>2013-10-14T11:43:55-07:00</auditDate><auditID>RKOUL</auditID><auditStatus>A</auditStatus></auditModel><description>DMP Deer Tag</description><standardChoiceName>DEC_APP_LICENSE_TYPE</standardChoiceName><standardChoiceValueI18NModels/><value>LIC53_TAG_DMP_DEER</value></standardChoiceValue></standardChoiceValueModels><type>SystemSwitch</type><valueSize>0</valueSize></standardChoice>
</list>